{"stats":{"minecraft:killed_by":{"betterdefaultbiomes:desert_bandit":1,"iceandfire:ghost":1,"takesapillage:archer":1},"minecraft:used":{"minecraft:wheat_seeds":4,"minecraft:cooked_mutton":1,"supplementaries:sack":2,"minecraft:stone_sword":77,"minecraft:wooden_pickaxe":60,"pickletweaks:wooden_sickle":11,"farmersdelight:melon_juice":2,"minecraft:cookie":1,"minecraft:torch":9,"paraglider:goddess_statue":1,"minecraft:dirt":3,"minecraft:sand":7,"minecraft:mutton":4,"minecraft:terracotta":1,"minecraft:crafting_table":2,"simplefarming:blueberries":2,"paraglider:horned_statue":1,"minecraft:apple":2,"minecraft:bread":1,"minecraft:oak_sapling":1,"minecraft:yellow_bed":1,"minecraft:egg":1,"byg:red_rock":5},"minecraft:killed":{"betterdefaultbiomes:desert_bandit":1,"minecraft:spider":2,"minecraft:sheep":4,"minecraft:zombie":1,"iceandfire:ghost":1,"minecraft:chicken":3,"supplementaries:firefly":1,"minecraft:villager":1},"minecraft:custom":{"minecraft:interact_with_smithing_table":1,"minecraft:interact_with_furnace":3,"lootr:looted_stat":1,"minecraft:mob_kills":15,"minecraft:interact_with_crafting_table":7,"minecraft:interact_with_cartography_table":1,"minecraft:open_barrel":1,"minecraft:play_one_minute":71507,"minecraft:leave_game":1,"minecraft:time_since_death":19199,"minecraft:climb_one_cm":976,"minecraft:time_since_rest":19236,"minecraft:sprint_one_cm":112448,"minecraft:damage_taken":1575,"minecraft:walk_one_cm":213323,"minecraft:trigger_trapped_chest":1,"minecraft:drop":1,"minecraft:damage_dealt":1994,"minecraft:swim_one_cm":2360,"minecraft:talked_to_villager":1,"minecraft:fly_one_cm":96412,"minecraft:open_chest":8,"minecraft:crouch_one_cm":348,"tombstone:undead_killed":2,"minecraft:deaths":3,"minecraft:sneak_time":54,"minecraft:walk_under_water_one_cm":777,"tombstone:villager_killed":1,"minecraft:jump":690,"minecraft:walk_on_water_one_cm":3421,"minecraft:fall_one_cm":21914,"minecraft:inspect_dispenser":2},"minecraft:broken":{"roughtweaks:bandage":2},"minecraft:dropped":{"betterdefaultbiomes:small_rock_sandstone":2},"minecraft:mined":{"minecraft:crafting_table":1,"minecraft:grass_block":2,"betterdefaultbiomes:yellow_mushroom":1,"supplementaries:sack":1,"betterdefaultbiomes:small_rock_mossy":1,"betterdefaultbiomes:small_rock_stone":1,"ars_nouveau:blue_archwood_log":1,"betterdefaultbiomes:small_rock_sandstone":1,"minecraft:wheat":4,"byg:red_rock":5,"minecraft:yellow_bed":1,"betterdefaultbiomes:pink_cactus_flower":1,"minecraft:grass":2,"minecraft:oak_log":6,"minecraft:coal_ore":30,"minecraft:sand":7,"minecraft:dirt":1,"minecraft:smooth_sandstone_stairs":1,"minecraft:terracotta":1,"minecraft:stone":15,"simplefarming:blueberry_bush":1},"minecraft:crafted":{"minecraft:oak_planks":124,"pickletweaks:wooden_sickle":1,"minecraft:crafting_table":2,"minecraft:cooked_chicken":3,"minecraft:wooden_pickaxe":1,"minecraft:stone_axe":1,"minecraft:bread":1,"minecraft:air":0,"minecraft:stick":32,"minecraft:stone_pickaxe":1,"minecraft:stone_sword":2},"minecraft:picked_up":{"minecraft:crafting_table":1,"minecraft:wheat":4,"minecraft:feather":1,"minecraft:chicken":3,"minecraft:brown_wool":1,"minecraft:smooth_sandstone_stairs":1,"minecraft:oak_log":31,"minecraft:yellow_bed":1,"minecraft:dirt":3,"paraglider:goddess_statue":1,"minecraft:string":1,"byg:red_rock":5,"minecraft:wheat_seeds":15,"betterdefaultbiomes:yellow_mushroom":1,"simplefarming:blueberry_bush":1,"betterdefaultbiomes:small_rock_mossy":2,"minecraft:egg":1,"minecraft:stick":2,"betterdefaultbiomes:small_rock_sandstone":2,"supplementaries:sack":1,"minecraft:sand":7,"simplefarming:blueberries":2,"ars_nouveau:blue_archwood_log":1,"betterdefaultbiomes:small_rock_stone":2,"mowziesmobs:barakoa_mask_bliss":1,"minecraft:cookie":1,"eidolon:codex":1,"minecraft:spider_eye":1,"minecraft:cactus":2,"minecraft:rotten_flesh":1,"alexsmobs:rattlesnake_rattle":1,"minecraft:gray_wool":2,"minecraft:terracotta":1,"paraglider:horned_statue":1,"minecraft:oak_sapling":1,"minecraft:mutton":4,"minecraft:coal":30,"minecraft:white_wool":1,"minecraft:cobblestone":15}},"DataVersion":2586}