{"stats":{"minecraft:killed_by":{"eidolon:wraith":1,"takesapillage:archer":2},"minecraft:used":{"minecraft:oak_trapdoor":1,"minecraft:cooked_mutton":1,"supplementaries:sack":6,"minecraft:ladder":3,"minecraft:oak_planks":12,"minecraft:wooden_pickaxe":39,"farmersdelight:melon_juice":1,"minecraft:torch":3,"minecraft:dirt":22,"minecraft:sand":19,"minecraft:crafting_table":3,"minecraft:red_bed":1,"mushroomquest:wrinkledpeach":1,"minecraft:wooden_axe":59,"minecraft:apple":4,"minecraft:bread":20,"iceandfire:ghost_chest":1,"minecraft:oak_sapling":1,"byg:red_rock":1},"minecraft:killed":{"betterdefaultbiomes:desert_bandit":1,"minecraft:husk":1,"minecraft:sheep":2,"iceandfire:ghost":1,"minecraft:zombie":1},"minecraft:custom":{"minecraft:interact_with_furnace":1,"lootr:looted_stat":1,"minecraft:mob_kills":5,"minecraft:interact_with_crafting_table":7,"minecraft:play_one_minute":111379,"minecraft:leave_game":8,"minecraft:time_since_death":29090,"minecraft:sleep_in_bed":1,"minecraft:climb_one_cm":44884,"minecraft:waystone_activated":1,"minecraft:time_since_rest":18329,"minecraft:walk_one_cm":149194,"minecraft:sprint_one_cm":211615,"minecraft:damage_taken":1878,"minecraft:damage_absorbed":25,"minecraft:trigger_trapped_chest":1,"minecraft:drop":6,"minecraft:damage_dealt":1134,"minecraft:swim_one_cm":8878,"minecraft:talked_to_villager":2,"minecraft:fly_one_cm":244971,"minecraft:open_chest":6,"minecraft:crouch_one_cm":6926,"tombstone:undead_killed":3,"minecraft:deaths":3,"minecraft:sneak_time":3006,"minecraft:walk_under_water_one_cm":3180,"minecraft:jump":1247,"minecraft:walk_on_water_one_cm":6471,"minecraft:inspect_dispenser":3,"minecraft:fall_one_cm":37535},"minecraft:broken":{"roughtweaks:bandage":1,"minecraft:wooden_axe":1,"minecraft:wooden_pickaxe":1},"minecraft:mined":{"iceandfire:graveyard_soil":1,"minecraft:red_bed":1,"supplementaries:book_pile":1,"minecraft:crafting_table":2,"minecraft:grass_block":14,"iceandfire:ghost_chest":1,"supplementaries:sack":5,"minecraft:oak_planks":2,"minecraft:wall_torch":1,"betterdefaultbiomes:dead_grass":2,"minecraft:hay_block":19,"betterdefaultbiomes:small_rock_stone":1,"minecraft:glowstone":3,"minecraft:birch_log":7,"paraglider:horned_statue":1,"minecraft:wheat":15,"byg:red_rock":1,"minecraft:birch_leaves":2,"mushroomquest:acaciastump":1,"minecraft:grass":3,"minecraft:bookshelf":9,"minecraft:oak_log":58,"projectvibrantjourneys:short_grass":2,"minecraft:beetroots":4,"minecraft:sand":20,"minecraft:dirt":22,"minecraft:stone":3,"minecraft:oak_leaves":32,"paraglider:goddess_statue":1},"minecraft:dropped":{"minecraft:bread":1,"minecraft:oak_log":25,"paraglider:horned_statue":1,"paraglider:goddess_statue":1,"eidolon:codex":1,"minecraft:sand":1},"minecraft:crafted":{"minecraft:oak_planks":40,"minecraft:crafting_table":1,"eidolon:codex":1,"minecraft:wooden_pickaxe":1,"minecraft:bread":53,"minecraft:oak_trapdoor":2,"minecraft:ladder":3,"minecraft:stick":8,"minecraft:wooden_axe":1,"minecraft:wheat":162},"minecraft:picked_up":{"minecraft:birch_log":7,"minecraft:crafting_table":2,"minecraft:enchanted_book":4,"minecraft:oak_log":59,"iceandfire:ectoplasm":4,"iceandfire:manuscript":7,"paraglider:goddess_statue":1,"minecraft:dirt":27,"minecraft:red_bed":1,"byg:red_rock":1,"minecraft:bone":5,"minecraft:apple":2,"minecraft:wheat_seeds":14,"minecraft:light_gray_wool":1,"minecraft:glowstone_dust":6,"minecraft:acacia_sapling":1,"minecraft:oak_planks":2,"minecraft:book":27,"minecraft:stick":17,"betterdefaultbiomes:small_rock_sandstone":2,"iceandfire:ghost_chest":1,"supplementaries:sack":5,"kubejs:copper_coin":1,"minecraft:torch":1,"minecraft:acacia_log":1,"minecraft:sand":20,"mysticalworld:silkworm_egg":1,"betterdefaultbiomes:small_rock_stone":2,"iceandfire:silver_ingot":2,"minecraft:rotten_flesh":18,"mushroomquest:wrinkledpeach":1,"minecraft:beetroot_seeds":3,"minecraft:hay_block":18,"minecraft:bread":1,"minecraft:oak_sapling":10,"paraglider:horned_statue":1,"minecraft:mutton":2,"minecraft:white_wool":1,"minecraft:cobblestone":3}},"DataVersion":2586}