{"stats":{"minecraft:custom":{"minecraft:jump":76,"minecraft:time_since_rest":6244,"minecraft:damage_dealt":12,"minecraft:play_one_minute":6244,"minecraft:damage_taken":86,"minecraft:leave_game":3,"minecraft:sprint_one_cm":10730,"minecraft:time_since_death":6244,"minecraft:walk_on_water_one_cm":574,"minecraft:walk_one_cm":3484,"minecraft:walk_under_water_one_cm":254,"minecraft:swim_one_cm":2009,"minecraft:fall_one_cm":2403,"minecraft:fly_one_cm":13101},"minecraft:used":{"supplementaries:sack":1}},"DataVersion":2586}